country_code,country_name,indicator_code,metric_name,year,value
AUT,Austria,FP.CPI.TOTL.ZG,inflation_pct,2019,1.53089564152644
AUT,Austria,FP.CPI.TOTL.ZG,inflation_pct,2020,1.38191063351854
AUT,Austria,FP.CPI.TOTL.ZG,inflation_pct,2021,2.7666666666667
AUT,Austria,FP.CPI.TOTL.ZG,inflation_pct,2022,8.54686993188458
AUT,Austria,FP.CPI.TOTL.ZG,inflation_pct,2023,7.81413417002831
AUT,Austria,FP.CPI.TOTL.ZG,inflation_pct,2024,2.93791574279376
AUT,Austria,GGXWDG_NGDP,debt_to_gdp_pct,2019,71.0
AUT,Austria,GGXWDG_NGDP,debt_to_gdp_pct,2020,83.2
AUT,Austria,GGXWDG_NGDP,debt_to_gdp_pct,2021,82.4
AUT,Austria,GGXWDG_NGDP,debt_to_gdp_pct,2022,78.1
AUT,Austria,GGXWDG_NGDP,debt_to_gdp_pct,2023,77.8
AUT,Austria,GGXWDG_NGDP,debt_to_gdp_pct,2024,79.2
AUT,Austria,GOV_WGI_PV_EST,political_stability_est,2019,0.7878108
AUT,Austria,GOV_WGI_PV_EST,political_stability_est,2020,0.8186312
AUT,Austria,GOV_WGI_PV_EST,political_stability_est,2021,0.7543747
AUT,Austria,GOV_WGI_PV_EST,political_stability_est,2022,0.6005165
AUT,Austria,GOV_WGI_PV_EST,political_stability_est,2023,0.7016405
AUT,Austria,GOV_WGI_PV_EST,political_stability_est,2024,0.4915979
AUT,Austria,NY.GDP.MKTP.KD.ZG,gdp_growth_pct,2019,1.75497619649288
AUT,Austria,NY.GDP.MKTP.KD.ZG,gdp_growth_pct,2020,-6.31825509209936
AUT,Austria,NY.GDP.MKTP.KD.ZG,gdp_growth_pct,2021,4.92309171717903
AUT,Austria,NY.GDP.MKTP.KD.ZG,gdp_growth_pct,2022,5.33096379400371
AUT,Austria,NY.GDP.MKTP.KD.ZG,gdp_growth_pct,2023,-0.786244288594673
AUT,Austria,NY.GDP.MKTP.KD.ZG,gdp_growth_pct,2024,-0.659089573171372
HUN,Hungary,FP.CPI.TOTL.ZG,inflation_pct,2019,3.33858635382008
HUN,Hungary,FP.CPI.TOTL.ZG,inflation_pct,2020,3.32674385766738
HUN,Hungary,FP.CPI.TOTL.ZG,inflation_pct,2021,5.11096534382855
HUN,Hungary,FP.CPI.TOTL.ZG,inflation_pct,2022,14.6081439492433
HUN,Hungary,FP.CPI.TOTL.ZG,inflation_pct,2023,17.1249659678737
HUN,Hungary,FP.CPI.TOTL.ZG,inflation_pct,2024,3.70370370370369
HUN,Hungary,GGXWDG_NGDP,debt_to_gdp_pct,2019,65.0
HUN,Hungary,GGXWDG_NGDP,debt_to_gdp_pct,2020,78.7
HUN,Hungary,GGXWDG_NGDP,debt_to_gdp_pct,2021,76.2
HUN,Hungary,GGXWDG_NGDP,debt_to_gdp_pct,2022,74.1
HUN,Hungary,GGXWDG_NGDP,debt_to_gdp_pct,2023,73.2
HUN,Hungary,GGXWDG_NGDP,debt_to_gdp_pct,2024,73.5
HUN,Hungary,GOV_WGI_PV_EST,political_stability_est,2019,0.7326156
HUN,Hungary,GOV_WGI_PV_EST,political_stability_est,2020,0.7938892
HUN,Hungary,GOV_WGI_PV_EST,political_stability_est,2021,0.7337253
HUN,Hungary,GOV_WGI_PV_EST,political_stability_est,2022,0.6701403
HUN,Hungary,GOV_WGI_PV_EST,political_stability_est,2023,0.5841522
HUN,Hungary,GOV_WGI_PV_EST,political_stability_est,2024,0.4363288
HUN,Hungary,NY.GDP.MKTP.KD.ZG,gdp_growth_pct,2019,5.07718495088933
HUN,Hungary,NY.GDP.MKTP.KD.ZG,gdp_growth_pct,2020,-4.33872540024058
HUN,Hungary,NY.GDP.MKTP.KD.ZG,gdp_growth_pct,2021,7.22291580811137
HUN,Hungary,NY.GDP.MKTP.KD.ZG,gdp_growth_pct,2022,4.15238057779229
HUN,Hungary,NY.GDP.MKTP.KD.ZG,gdp_growth_pct,2023,-0.817107370513455
HUN,Hungary,NY.GDP.MKTP.KD.ZG,gdp_growth_pct,2024,0.709070599066038
POL,Poland,FP.CPI.TOTL.ZG,inflation_pct,2019,2.22747880938291
POL,Poland,FP.CPI.TOTL.ZG,inflation_pct,2020,3.37446972618589
POL,Poland,FP.CPI.TOTL.ZG,inflation_pct,2021,5.05502704719272
POL,Poland,FP.CPI.TOTL.ZG,inflation_pct,2022,14.4294507575758
POL,Poland,FP.CPI.TOTL.ZG,inflation_pct,2023,11.5289127961105
POL,Poland,FP.CPI.TOTL.ZG,inflation_pct,2024,3.79060897630197
POL,Poland,GGXWDG_NGDP,debt_to_gdp_pct,2019,45.2
POL,Poland,GGXWDG_NGDP,debt_to_gdp_pct,2020,56.6
POL,Poland,GGXWDG_NGDP,debt_to_gdp_pct,2021,53.0
POL,Poland,GGXWDG_NGDP,debt_to_gdp_pct,2022,48.8
POL,Poland,GGXWDG_NGDP,debt_to_gdp_pct,2023,49.5
POL,Poland,GGXWDG_NGDP,debt_to_gdp_pct,2024,55.1
POL,Poland,GOV_WGI_PV_EST,political_stability_est,2019,0.6735951
POL,Poland,GOV_WGI_PV_EST,political_stability_est,2020,0.5545247
POL,Poland,GOV_WGI_PV_EST,political_stability_est,2021,0.5651963
POL,Poland,GOV_WGI_PV_EST,political_stability_est,2022,0.537484
POL,Poland,GOV_WGI_PV_EST,political_stability_est,2023,0.5055901
POL,Poland,GOV_WGI_PV_EST,political_stability_est,2024,0.498655
POL,Poland,NY.GDP.MKTP.KD.ZG,gdp_growth_pct,2019,4.58045817256199
POL,Poland,NY.GDP.MKTP.KD.ZG,gdp_growth_pct,2020,-2.03556882399977
POL,Poland,NY.GDP.MKTP.KD.ZG,gdp_growth_pct,2021,6.92718266052501
POL,Poland,NY.GDP.MKTP.KD.ZG,gdp_growth_pct,2022,5.25545697386036
POL,Poland,NY.GDP.MKTP.KD.ZG,gdp_growth_pct,2023,0.249610834017872
POL,Poland,NY.GDP.MKTP.KD.ZG,gdp_growth_pct,2024,3.02841630700273
ROU,Romania,FP.CPI.TOTL.ZG,inflation_pct,2019,3.82785432599438
ROU,Romania,FP.CPI.TOTL.ZG,inflation_pct,2020,2.63107311184743
ROU,Romania,FP.CPI.TOTL.ZG,inflation_pct,2021,5.05232876096582
ROU,Romania,FP.CPI.TOTL.ZG,inflation_pct,2022,13.7954887432521
ROU,Romania,FP.CPI.TOTL.ZG,inflation_pct,2023,10.3971874764996
ROU,Romania,FP.CPI.TOTL.ZG,inflation_pct,2024,5.72140574354439
ROU,Romania,GGXWDG_NGDP,debt_to_gdp_pct,2019,36.8
ROU,Romania,GGXWDG_NGDP,debt_to_gdp_pct,2020,49.5
ROU,Romania,GGXWDG_NGDP,debt_to_gdp_pct,2021,51.8
ROU,Romania,GGXWDG_NGDP,debt_to_gdp_pct,2022,51.9
ROU,Romania,GGXWDG_NGDP,debt_to_gdp_pct,2023,52.6
ROU,Romania,GGXWDG_NGDP,debt_to_gdp_pct,2024,57.5
ROU,Romania,GOV_WGI_PV_EST,political_stability_est,2019,0.64527
ROU,Romania,GOV_WGI_PV_EST,political_stability_est,2020,0.6180826
ROU,Romania,GOV_WGI_PV_EST,political_stability_est,2021,0.6671952
ROU,Romania,GOV_WGI_PV_EST,political_stability_est,2022,0.5499041
ROU,Romania,GOV_WGI_PV_EST,political_stability_est,2023,0.4983587
ROU,Romania,GOV_WGI_PV_EST,political_stability_est,2024,0.1588848
ROU,Romania,NY.GDP.MKTP.KD.ZG,gdp_growth_pct,2019,3.96028958497598
ROU,Romania,NY.GDP.MKTP.KD.ZG,gdp_growth_pct,2020,-3.59802546034757
ROU,Romania,NY.GDP.MKTP.KD.ZG,gdp_growth_pct,2021,5.58735072538869
ROU,Romania,NY.GDP.MKTP.KD.ZG,gdp_growth_pct,2022,4.18771305104109
ROU,Romania,NY.GDP.MKTP.KD.ZG,gdp_growth_pct,2023,2.25773416555121
ROU,Romania,NY.GDP.MKTP.KD.ZG,gdp_growth_pct,2024,0.916003764382594
SRB,Serbia,FP.CPI.TOTL.ZG,inflation_pct,2019,1.84922984511086
SRB,Serbia,FP.CPI.TOTL.ZG,inflation_pct,2020,1.57553290083415
SRB,Serbia,FP.CPI.TOTL.ZG,inflation_pct,2021,4.08510285335102
SRB,Serbia,FP.CPI.TOTL.ZG,inflation_pct,2022,11.9815117344703
SRB,Serbia,FP.CPI.TOTL.ZG,inflation_pct,2023,12.3719043552519
SRB,Serbia,FP.CPI.TOTL.ZG,inflation_pct,2024,4.6705297488997
SRB,Serbia,GGXWDG_NGDP,debt_to_gdp_pct,2019,49.5
SRB,Serbia,GGXWDG_NGDP,debt_to_gdp_pct,2020,54.3
SRB,Serbia,GGXWDG_NGDP,debt_to_gdp_pct,2021,53.6
SRB,Serbia,GGXWDG_NGDP,debt_to_gdp_pct,2022,50.9
SRB,Serbia,GGXWDG_NGDP,debt_to_gdp_pct,2023,45.7
SRB,Serbia,GGXWDG_NGDP,debt_to_gdp_pct,2024,44.1
SRB,Serbia,GOV_WGI_PV_EST,political_stability_est,2019,0.0620767
SRB,Serbia,GOV_WGI_PV_EST,political_stability_est,2020,-0.0681568
SRB,Serbia,GOV_WGI_PV_EST,political_stability_est,2021,-0.0436914
SRB,Serbia,GOV_WGI_PV_EST,political_stability_est,2022,-0.0525867
SRB,Serbia,GOV_WGI_PV_EST,political_stability_est,2023,0.0879568999999999
SRB,Serbia,GOV_WGI_PV_EST,political_stability_est,2024,-0.168638999999999
SRB,Serbia,NY.GDP.MKTP.KD.ZG,gdp_growth_pct,2019,4.75020793899014
SRB,Serbia,NY.GDP.MKTP.KD.ZG,gdp_growth_pct,2020,-0.950023991851594
SRB,Serbia,NY.GDP.MKTP.KD.ZG,gdp_growth_pct,2021,7.94905650472278
SRB,Serbia,NY.GDP.MKTP.KD.ZG,gdp_growth_pct,2022,2.70347705543654
SRB,Serbia,NY.GDP.MKTP.KD.ZG,gdp_growth_pct,2023,3.74793303561771
SRB,Serbia,NY.GDP.MKTP.KD.ZG,gdp_growth_pct,2024,3.94992622592932
UKR,Ukraine,FP.CPI.TOTL.ZG,inflation_pct,2019,7.88671745611133
UKR,Ukraine,FP.CPI.TOTL.ZG,inflation_pct,2020,2.73249209419427
UKR,Ukraine,FP.CPI.TOTL.ZG,inflation_pct,2021,9.36313917695223
UKR,Ukraine,FP.CPI.TOTL.ZG,inflation_pct,2022,20.1836366617478
UKR,Ukraine,FP.CPI.TOTL.ZG,inflation_pct,2023,12.8490222828559
UKR,Ukraine,FP.CPI.TOTL.ZG,inflation_pct,2024,6.50198464669254
UKR,Ukraine,GGXWDG_NGDP,debt_to_gdp_pct,2019,50.5
UKR,Ukraine,GGXWDG_NGDP,debt_to_gdp_pct,2020,60.5
UKR,Ukraine,GGXWDG_NGDP,debt_to_gdp_pct,2021,48.9
UKR,Ukraine,GGXWDG_NGDP,debt_to_gdp_pct,2022,77.7
UKR,Ukraine,GGXWDG_NGDP,debt_to_gdp_pct,2023,81.2
UKR,Ukraine,GGXWDG_NGDP,debt_to_gdp_pct,2024,89.7
UKR,Ukraine,GOV_WGI_PV_EST,political_stability_est,2019,-1.0320239
UKR,Ukraine,GOV_WGI_PV_EST,political_stability_est,2020,-0.9599236
UKR,Ukraine,GOV_WGI_PV_EST,political_stability_est,2021,-0.990563099999999
UKR,Ukraine,GOV_WGI_PV_EST,political_stability_est,2022,-1.05075649999999
UKR,Ukraine,GOV_WGI_PV_EST,political_stability_est,2023,-0.545978
UKR,Ukraine,GOV_WGI_PV_EST,political_stability_est,2024,-0.432315
UKR,Ukraine,NY.GDP.MKTP.KD.ZG,gdp_growth_pct,2019,3.19950386354134
UKR,Ukraine,NY.GDP.MKTP.KD.ZG,gdp_growth_pct,2020,-3.75281793983162
UKR,Ukraine,NY.GDP.MKTP.KD.ZG,gdp_growth_pct,2021,3.44562065945944
UKR,Ukraine,NY.GDP.MKTP.KD.ZG,gdp_growth_pct,2022,-28.7585842155085
UKR,Ukraine,NY.GDP.MKTP.KD.ZG,gdp_growth_pct,2023,5.53473354963334
UKR,Ukraine,NY.GDP.MKTP.KD.ZG,gdp_growth_pct,2024,3.24811808426423
